<?xml version='1.0' encoding='UTF-8'?>
<addons><addon id="plugin.video.atresplayerchopo" version="12" name="[B][COLOR white]atresplayer[COLOR aqua] chopo[/COLOR][/B]" provider-name="equipo tvchopo">
<requires>
    <import addon="script.module.requests" />
    <import addon="script.module.six" />
  </requires>
	<extension point="xbmc.python.pluginsource" library="default.py">
		<provides>video</provides>
	</extension>
	
	 <extension point="xbmc.addon.repository" name="tvchopo">
        <info>https://raw.githubusercontent.com/elchocolate/repotvchopo/master/Repositorio/addons.xml</info>
        <checksum>https://raw.githubusercontent.com/elchocolate/repotvchopo/master/Repositorio/addons.xml.md5</checksum>
        <datadir zip="true">https://raw.githubusercontent.com/elchocolate/repotvchopo/master/Repositorio/</datadir>
	    <dir>
        <info compressed="false">https://raw.githubusercontent.com/elchocolate/repotvchopo/master/Repositorio/addons.xml</info>
        <checksum>https://raw.githubusercontent.com/elchocolate/repotvchopo/master/Repositorio/addons.xml.md5</checksum>
        <datadir zip="true">https://raw.githubusercontent.com/elchocolate/repotvchopo/master/Repositorio/</datadir>
        </dir>
    </extension>
	
	
	<extension point="xbmc.addon.metadata">
                <platform>all</platform>
		<summary lang="en">atresplayerchopo</summary>
		<summary lang="da">atresplayerchopo</summary>
		<description lang="en">[B][LOWERCASE][CAPITALIZE][COLOR white]atresplayerchopo addon dedicado a la web atresplayer para que disfrutes de su contenido para cualquier consulta o problema  unete  a nuestro grupo de telegram [COLOR yellow]@tvchopo[/COLOR][/CAPITALIZE][/LOWERCASE][/B]</description>
		<disclaimer>[B][COLOR yellow]LOS ADDONS DE TVCHOPO NO CONTIENEN NINGUN CONTENIDO 
[COLOR white]TODO ES  ENLAZADOS A WEBS QUE ESTAN EN INTERNET Y ESTAS SON LAS RESPONSABLES DE EL CONTENIDO.  TVCHOPO ES TOTALMENTE GRATUITO. NO PERMITAS QUE TE VENDAN, NINGUN DISPOSITIVO CON EL INSTALADO..UNETE A NUESTRO TELEGRAM @tvchopo Y TE AYUDAMOS A INSTALARLO GRATUITAMENTE[/B][/COLOR]</disclaimer>
		<website />
		<license>GPL 2.0</license>
		<platform>all</platform>
<assets>
        <icon>icon.gif</icon>
  <screenshot>resources/screenshots/screenshot1.jpg</screenshot>
  <screenshot>resources/screenshots/screenshot2.jpg</screenshot>
  <screenshot>resources/screenshots/screenshot3.jpg</screenshot>
  <screenshot>resources/screenshots/screenshot4.jpg</screenshot>
  <screenshot>resources/screenshots/screenshot5.jpg</screenshot>
        <fanart>fanart.png</fanart>
    </assets>        
		<language>es</language>
	</extension>
</addon><addon id="plugin.video.mitelechopo" version="14" name="[B][COLOR white]mitele[COLOR cornflowerblue] chopo[/COLOR][/B]" provider-name="equipo tvchopo">
<requires>
    <import addon="script.module.requests" />
    <import addon="script.module.six" />
  </requires>
	<extension point="xbmc.python.pluginsource" library="default.py">
		<provides>video</provides>
	</extension>
	
	 <extension point="xbmc.addon.repository" name="tvchopo">
        <info>https://raw.githubusercontent.com/elchocolate/repotvchopo/master/Repositorio/addons.xml</info>
        <checksum>https://raw.githubusercontent.com/elchocolate/repotvchopo/master/Repositorio/addons.xml.md5</checksum>
        <datadir zip="true">https://raw.githubusercontent.com/elchocolate/repotvchopo/master/Repositorio/</datadir>
	    <dir>
        <info compressed="false">https://raw.githubusercontent.com/elchocolate/repotvchopo/master/Repositorio/addons.xml</info>
        <checksum>https://raw.githubusercontent.com/elchocolate/repotvchopo/master/Repositorio/addons.xml.md5</checksum>
        <datadir zip="true">https://raw.githubusercontent.com/elchocolate/repotvchopo/master/Repositorio/</datadir>
        </dir>
    </extension>
	
	
	<extension point="xbmc.addon.metadata">
                <platform>all</platform>
		<summary lang="en">mitelechopo</summary>
		<summary lang="da">mitelechopo</summary>
		<description lang="en">[B][LOWERCASE][CAPITALIZE][COLOR white]mitelechopo addon dedicado a la web de mediaset para que disfrutes de su contenido [COLOR aqua] para cualquier consulta o problema  unete  a nuestro grupo de telegram [COLOR yellow]@tvchopo[/COLOR][/CAPITALIZE][/LOWERCASE][/B]</description>
    <disclaimer>[B][COLOR yellow]LOS ADDONS DE TVCHOPO NO CONTIENEN NINGUN CONTENIDO 
[COLOR white]TODO ES  ENLAZADOS A WEBS QUE ESTAN EN INTERNET Y ESTAS SON LAS RESPONSABLES DE EL CONTENIDO.  TVCHOPO ES TOTALMENTE GRATUITO. NO PERMITAS QUE TE VENDAN, NINGUN DISPOSITIVO CON EL INSTALADO..UNETE A NUESTRO TELEGRAM @tvchopo Y TE AYUDAMOS A INSTALARLO GRATUITAMENTE[/B][/COLOR]</disclaimer>
		<website />
		<license>GPL 2.0</license>
		<platform>all</platform>
<assets>
        <icon>icon.gif</icon>
  <screenshot>resources/screenshots/screenshot1.jpg</screenshot>
  <screenshot>resources/screenshots/screenshot2.jpg</screenshot>
  <screenshot>resources/screenshots/screenshot3.jpg</screenshot>
  <screenshot>resources/screenshots/screenshot4.jpg</screenshot>
  <screenshot>resources/screenshots/screenshot5.jpg</screenshot>
        <fanart>fanart.png</fanart>
    </assets>        
		<language>es</language>
	</extension>
</addon><addon id="repository.alfa-addon" name="[COLOR red]Alfa Add-on[/COLOR] Repo" version="1.0.8" provider-name="Alfa Development Group">
    <requires>
        <import addon="xbmc.addon" version="12.0.0" />
    </requires>
    <extension point="xbmc.addon.repository" name="Alfa Add-on Repo">
        <dir>
            <info compressed="false">https://raw.githubusercontent.com/alfa-addon/alfa-repo/master/addons.xml</info>
            <checksum>https://raw.githubusercontent.com/alfa-addon/alfa-repo/master/addons.xml.md5</checksum>
            <datadir zip="true">https://raw.githubusercontent.com/alfa-addon/alfa-repo/master/</datadir>
        </dir>
    </extension>
    <extension point="xbmc.addon.metadata">
        <summary lang="ca">Repositori d'Alfa Add-on</summary>
        <summary lang="en">Alfa Add-on Repository</summary>
        <summary lang="es">Repositorio de Alfa Add-on</summary>
        <summary lang="it">Repository di Alfa Add-on</summary>
        <summary lang="pt">Repositório de Alfa Add-on</summary>
        <description lang="ca">Repositori per instal·lar Alfa Addon, un dels principals add-ons de contingut de parla hispana al món, successor al conegut Pelisalacarta-ce. També es proveeix algunes utilitats addicionals.</description>
        <description lang="en">Repository to install Alfa Addon, one of the main Spanish-speaking content add-ons in the world, successor to the well-known Pelisalacarta-ce. Some additional utilities are also provided.</description>
        <description lang="es">Repositorio para instalar Alfa Addon, uno de los principales add-ons de contenido de habla hispana en el mundo, sucesor al conocido Pelisalacarta-ce. También se provee de algunas utilidades adicionales.</description>
        <description lang="it">Repository per installare Alfa Addon, uno dei principali add-on di contenuti di lingua spagnola nel mondo, successore del noto Pelisalacarta-ce. Vengono fornite anche alcune utilità aggiuntive.</description>
        <description lang="pt">Repositório para instalação do Alfa Addon, um dos principais add-ons de conteúdo em língua espanhola do mundo, sucessor do conhecido Pelisalacarta-ce. Alguns utilitários adicionais também são fornecidos.</description>
        <disclaimer lang="ca">[COLOR red]Els propietaris i distribuïdors d'aquest complemento no proveeixen ni distribueixen cap contingut mostrat pel complemento ni tenen affiliación alguna amb els proveïdors de l'contingut.[/COLOR]</disclaimer>
        <disclaimer lang="en">[COLOR red]The owners and submitters to this add-on do not host or distribute any of the content displayed by these add-ons nor do they have any affiliation with the content providers.[/COLOR]</disclaimer>
        <disclaimer lang="es">[COLOR red]Los propietarios y distribuidores de este add-on no proveen ni distribuyen ningún contenido mostrado por el add-on ni tienen afiliación alguna con los proveedores del contenido.[/COLOR]</disclaimer>
        <disclaimer lang="it">[COLOR red]I proprietari e i distributori di questo add-on aggiuntivo non forniscono o distribuiscono alcun contenuto visualizzato dal add-on aggiuntivo né hanno alcuna affiliazione con i fornitori di contenuti.[/COLOR]</disclaimer>
        <disclaimer lang="pt">[COLOR red]Os proprietários e distribuidores deste add-on não fornecem ou distribuem qualquer conteúdo exibido pelo add-on nem têm qualquer afiliação com os provedores de conteúdo.[/COLOR]</disclaimer>
        <platform>all</platform>
        <assets>
            <icon>icon.png</icon>
            <fanart>fanart.jpg</fanart>
        </assets>
        <source>https://github.com/alfa-addon/alfa-repo</source>
    </extension>
</addon><addon id="repository.balandro" name="[COLOR aqua]Balandro[/COLOR] Repo" version="4.0.1" provider-name="Team Balandro">

    <extension point="xbmc.addon.repository" name="balandro repo">
        <dir>
            <info>https://raw.githubusercontent.com/repobal/base/main/addons.xml</info>
            <checksum>https://raw.githubusercontent.com/repobal/base/main/addons.xml.md5</checksum>
            <datadir zip="true">https://raw.githubusercontent.com/repobal/base/main/</datadir>
        </dir>
    </extension>

    <extension point="xbmc.addon.metadata">
       <summary>Repositorio de Balandro</summary>
       <assets>
          <icon>icon.png</icon>
          <fanart>fanart.jpg</fanart>
       </assets>
       <news>
       [COLOR cyan][B]Repositorio para instalar el addon de vídeo Balandro[/B][/COLOR]

       [COLOR darkorange][B]Versión  [/COLOR][COLOR yellow]4.0.1[/COLOR][COLOR red]  Marzo 2024[/B][/COLOR]

       [COLOR goldenrod][B]Media Centers:[/B][/COLOR]
           [COLOR tan][B]Kodi Versiones Oficiales Soportadas:[/B][/COLOR]
           [COLOR plum][B]22.x Piers,  21.x Omega,  20.x Nexus,  19.x Matrix,[/B][/COLOR]
           [COLOR plum][B]18.x Leia  y  17.x Krypton[/B][/COLOR]

       [COLOR springgreen][B]Fuente[/COLOR]  [COLOR cyan]repobal.github.io/base/[/B][/COLOR]

       [COLOR firebrick][B]Team[/COLOR]  [COLOR orange]https://github.com/repobal[/B][/COLOR]

       [COLOR limegreen][B]Contacto:[/B][/COLOR]
           Foro  www.mimediacenter.info/foro/
           Telegram  t.me/balandro_asesor
           Team  t.me/Balandro_team
       </news>
       <summary>Balandro es un Navegador de Páginas Webs</summary>
       <description>[COLOR moccasin][B]Navega con Kodi por Páginas Webs para poder ver sus contenidos de manera fácil. [COLOR yellow]Balandro es desde el año [COLOR cyan]2018[COLOR yellow] un MOD derivado de [COLOR yellowgreen]Pelisalacarta y Alfa[COLOR yellow],[COLOR mediumaquamarine] y tiene como objeto, permitir visualizar [COLOR deepskyblue]Películas[COLOR mediumaquamarine], [COLOR hotpink]Series[COLOR mediumaquamarine], [COLOR darkcyan]Documentales[COLOR mediumaquamarine], etc., todo a través de Internet y directamente desde su sistema Media Center. [COLOR orchid]Este Add-On es tan solo un mero Ejercicio de Aprendizaje del Lenguaje de Programación Python y se distribuye sin Ningún Contenido Multimedia adjunto al mismo [COLOR lightgrey][I]En consecuencia solo las Webs son Plenamente Responsables de los contenidos que publiquen.[/I][/B][/COLOR]</description>
       <disclaimer>[COLOR aqua][B]Los Propietarios y Distribuidores de este Add-On no Proveen ni Distribuyen Ningún Contenido Mostrado por el Add-On, ni Tienen Afiliación alguna con los Proveedores/Webs de contenidos. [COLOR tan]Está Prohibida su distribución, solo ó junto con Contenidos Multimedia Protegidos por los Derechos de Autor. [COLOR chocolate]Si este tipo de contenido está Prohibido en su País, solamente Usted será el Responsable de su uso. [COLOR white]La vulneración de estas prohibiciones Exonerarán de cualquier Culpa a sus Autores, [COLOR red]Siendo el unico Responsable quien lo haya Distribuido ó Utilizado Ilegalmente.[/B][/COLOR]</disclaimer>
       <platform>all</platform>
       <license>GNU GPL v3</license>
       <source>https://repobal.github.io/base/</source>
       <forum>https://www.mimediacenter.info/foro/</forum>
    </extension>

    <extension point="xbmc.service" library="service.py" start="login|startup" />
</addon><addon id="repository.GTKing-Phoenix" name="[B][COLOR steelblue]Repo [COLOR azure]GTKing [COLOR yellow]P[COLOR gold]H[COLOR goldenrod]O[COLOR orange]E[COLOR darkorange]N[COLOR red]I[COLOR orangered]X [COLOR limegreen]TEAM[/COLOR][/B]" version="21.0.0" provider-name="GTKing PHOENIX TEAM">
    <extension point="xbmc.addon.repository" name="[B][COLOR dodgerblue]Repo [COLOR azure]GTKing [COLOR yellow]P[COLOR gold]H[COLOR goldenrod]O[COLOR orange]E[COLOR darkorange]N[COLOR red]I[COLOR orangered]X [COLOR limegreen]TEAM[/COLOR][/B]">    
		<dir minversion="19.9.9" maxversion="20.9.9">
            <info compressed="false">https://raw.githubusercontent.com/gtkingbuild/Repo-GTKing/master/nexus/zips/addons.xml</info>
            <checksum>https://raw.githubusercontent.com/gtkingbuild/Repo-GTKing/master/nexus/zips/addons.xml.md5</checksum>
            <datadir zip="true">https://raw.githubusercontent.com/gtkingbuild/Repo-GTKing/master/nexus/zips/</datadir>
        </dir>
        <dir minversion="20.9.9" maxversion="21.9.9">
            <info compressed="false">https://raw.githubusercontent.com/gtkingbuild/Repo-GTKing/master/omega/zips/addons.xml</info>
            <checksum>https://raw.githubusercontent.com/gtkingbuild/Repo-GTKing/master/omega/zips/addons.xml.md5</checksum>
            <datadir zip="true">https://raw.githubusercontent.com/gtkingbuild/Repo-GTKing/master/omega/zips/</datadir>
        </dir>
    </extension>
    
    <extension point="xbmc.addon.metadata">
        <summary>[COLOR steelblue]Repo [COLOR azure]GTKing [COLOR yellow]P[COLOR gold]H[COLOR goldenrod]O[COLOR orange]E[COLOR darkorange]N[COLOR red]I[COLOR orangered]X [COLOR limegreen]TEAM[/COLOR]</summary>
        <description>Repositorio de addons [COLOR azure]GTKING [COLOR yellow]P[COLOR gold]H[COLOR goldenrod]O[COLOR orange]E[COLOR darkorange]N[COLOR red]I[COLOR orangered]X [COLOR limegreen]TEAM[/COLOR].
[COLOR gainsboro]Developers:[/COLOR] [COLOR aquamarine]DavidZgZ [COLOR white]y [COLOR azure]GTKing [COLOR yellow]P[COLOR gold]H[COLOR goldenrod]O[COLOR orange]E[COLOR darkorange]N[COLOR red]I[COLOR orangered]X [COLOR limegreen]TEAM[/COLOR]</description> 		             
        <disclaimer>Este repositorio sólo recoge addons creados por terceras personas.</disclaimer>
        <platform>all</platform>
        <assets>
            <icon>icon.png</icon>
            <fanart>fanart.jpg</fanart>
        </assets>
		<source>https://grkingbuild.github.io</source>
    </extension>
</addon><addon id="repository.magellan" name="[COLOR red]Mage[/COLOR] [COLOR black]llan[/COLOR] [COLORcyan]Repository[/COLOR]" version="1.0.0" provider-name="Magellan">
  <requires>
    <import addon="xbmc.addon" version="12.0.0" />
         
  </requires>
  
  
  <extension point="xbmc.addon.repository" name="[COLOR red]Magellan [COLOR red]Repositorio[/COLOR]">
    
      <dir>
      <info compressed="false">https://github.com/euro2000/magellan.github.io/raw/main/addons.xml</info>
      <checksum>https://github.com/euro2000/magellan.github.io/raw/main/addons.xml.md5</checksum>
      <datadir zip="true">https://github.com/euro2000/magellan.github.io/raw/main</datadir>
      <hashes>false</hashes>
    </dir>
  
  <dir minversion="16.0.0" maxversion="18.9.0">
      <info compressed="false">https://github.com/euro2000/magellan.github.io/raw/main/leia/addons.xml</info>
      <checksum>https://github.com/euro2000/magellan.github.io/raw/main/leia/addons.xml.md5</checksum>
      <datadir zip="true">https://github.com/euro2000/magellan.github.io/raw/main/leia</datadir>
      <hashes>false</hashes>
    </dir>
   
   <dir minversion="18.9.1">
      <info compressed="false">https://github.com/euro2000/magellan.github.io/raw/main/matrix/addons.xml</info>
      <checksum>https://github.com/euro2000/magellan.github.io/raw/main/matrix/addons.xml.md5</checksum>
      <datadir zip="true">https://github.com/euro2000/magellan.github.io/raw/main/matrix</datadir>
      <hashes>false</hashes>
    </dir>
    
  </extension>
  
  <extension point="xbmc.addon.metadata">
    <summary>repositorio magellan</summary>
    <description>repositorio oficial magellan - Proibido reproducao sem previa autorizacao</description>
    <disclaimer />
    <platform>all</platform>
    <assets>
      <icon>icon.png</icon>
      <fanart>fanart.jpg</fanart>
    </assets>
  </extension>
</addon><addon id="repository.theblackghost" name="Black Ghost Repo" version="0.0.6" provider-name="BlackGhost">
    <extension point="xbmc.addon.repository" name="theblackghost">
		<dir>
			<info>https://site27.xyz/repo/addons.xml</info>
			<checksum>https://site27.xyz/repo/addons.xml.md5</checksum>
			<datadir zip="true">https://site27.xyz/repo/</datadir>
		 </dir>
    </extension>
    <extension point="xbmc.addon.metadata">
		<platform>all</platform>
        <summary>Black all Black Ghost</summary>
		<description lang="en_GB">Black Ghost REPO</description>
		<description lang="es_ES">Black Ghost Repositorio</description>
        <license />
		<language />
		<website />
		<news />
		<assets>
			<icon>icon.png</icon>
			<fanart>fanart.jpg</fanart>
		</assets> 
    </extension>
</addon></addons>